"File","Src"
"W:\Dropbox\Densetsu\Wiki\pages\retraissance\contacts.html","assets/res/LOGO_Retraissance.gif"
"W:\Dropbox\Densetsu\Wiki\pages\retraissance\impressum.html","assets/res/LOGO_Retraissance.gif"
"W:\Dropbox\Densetsu\Wiki\pages\retraissance\index.html","assets/res/LOGO_Retraissance.gif"
"W:\Dropbox\Densetsu\Wiki\pages\retraissance\index.html","assets/media/brand/logo-crt.gif"
"W:\Dropbox\Densetsu\Wiki\pages\retraissance\sitemap.html","assets/res/LOGO_Retraissance.gif"
"W:\Dropbox\Densetsu\Wiki\pages\retraissance\densetsu\index.html","../assets/res/LOGO_Retraissance.gif"
"W:\Dropbox\Densetsu\Wiki\pages\retraissance\densetsu\index.html","../assets/media/brand/Densetsu.png"
"W:\Dropbox\Densetsu\Wiki\pages\retraissance\densetsu\engine\index.html","../../assets/res/LOGO_Retraissance.gif"
"W:\Dropbox\Densetsu\Wiki\pages\retraissance\densetsu\engine\actor-system\index.html","../../../assets/res/LOGO_Retraissance.gif"
"W:\Dropbox\Densetsu\Wiki\pages\retraissance\densetsu\engine\data-authoring\index.html","../../../assets/res/LOGO_Retraissance.gif"
"W:\Dropbox\Densetsu\Wiki\pages\retraissance\densetsu\engine\editor\index.html","../../../assets/res/LOGO_Retraissance.gif"
"W:\Dropbox\Densetsu\Wiki\pages\retraissance\densetsu\engine\fsm\index.html","../../../assets/res/LOGO_Retraissance.gif"
"W:\Dropbox\Densetsu\Wiki\pages\retraissance\densetsu\engine\input-movement\index.html","../../../assets/res/LOGO_Retraissance.gif"
"W:\Dropbox\Densetsu\Wiki\pages\retraissance\densetsu\engine\integrations\index.html","../../../assets/res/LOGO_Retraissance.gif"
"W:\Dropbox\Densetsu\Wiki\pages\retraissance\densetsu\engine\runtime\index.html","../../../assets/res/LOGO_Retraissance.gif"
"W:\Dropbox\Densetsu\Wiki\pages\retraissance\densetsu\engine\stats-combat\index.html","../../../assets/res/LOGO_Retraissance.gif"
"W:\Dropbox\Densetsu\Wiki\pages\retraissance\densetsu\engine\tools\index.html","../../../assets/res/LOGO_Retraissance.gif"
"W:\Dropbox\Densetsu\Wiki\pages\retraissance\densetsu\universe\index.html","../../assets/res/LOGO_Retraissance.gif"
"W:\Dropbox\Densetsu\Wiki\pages\retraissance\densetsu\universe\languages_writing.html","../../assets/res/LOGO_Retraissance.gif"
"W:\Dropbox\Densetsu\Wiki\pages\retraissance\densetsu\universe\lexicon.html","../../assets/res/LOGO_Retraissance.gif"
"W:\Dropbox\Densetsu\Wiki\pages\retraissance\densetsu\universe\magic_principles.html","../../assets/res/LOGO_Retraissance.gif"
"W:\Dropbox\Densetsu\Wiki\pages\retraissance\densetsu\universe\tech_principles.html","../../assets/res/LOGO_Retraissance.gif"
"W:\Dropbox\Densetsu\Wiki\pages\retraissance\densetsu\universe\artifacts\artifacts_registry.html","../../../assets/res/LOGO_Retraissance.gif"
"W:\Dropbox\Densetsu\Wiki\pages\retraissance\densetsu\universe\artifacts\echo_song.html","../../../assets/res/LOGO_Retraissance.gif"
"W:\Dropbox\Densetsu\Wiki\pages\retraissance\densetsu\universe\artifacts\index.html","../../../assets/res/LOGO_Retraissance.gif"
"W:\Dropbox\Densetsu\Wiki\pages\retraissance\densetsu\universe\artifacts\infinitree_bark_shard.html","../../../assets/res/LOGO_Retraissance.gif"
"W:\Dropbox\Densetsu\Wiki\pages\retraissance\densetsu\universe\artifacts\kaze_anthem.html","../../../assets/res/LOGO_Retraissance.gif"
"W:\Dropbox\Densetsu\Wiki\pages\retraissance\densetsu\universe\artifacts\kiputer_predictive_engine.html","../../../assets/res/LOGO_Retraissance.gif"
"W:\Dropbox\Densetsu\Wiki\pages\retraissance\densetsu\universe\artifacts\marella_sea_horn.html","../../../assets/res/LOGO_Retraissance.gif"
"W:\Dropbox\Densetsu\Wiki\pages\retraissance\densetsu\universe\artifacts\pombeiro_seal.html","../../../assets/res/LOGO_Retraissance.gif"
"W:\Dropbox\Densetsu\Wiki\pages\retraissance\densetsu\universe\artifacts\relic_sword_alfons.html","../../../assets/res/LOGO_Retraissance.gif"
"W:\Dropbox\Densetsu\Wiki\pages\retraissance\densetsu\universe\artifacts\time_fan.html","../../../assets/res/LOGO_Retraissance.gif"
"W:\Dropbox\Densetsu\Wiki\pages\retraissance\densetsu\universe\artifacts\torredasso.html","../../../assets/res/LOGO_Retraissance.gif"
"W:\Dropbox\Densetsu\Wiki\pages\retraissance\densetsu\universe\characters\aka.html","../../../assets/res/LOGO_Retraissance.gif"
"W:\Dropbox\Densetsu\Wiki\pages\retraissance\densetsu\universe\characters\amelia.html","../../../assets/res/LOGO_Retraissance.gif"
"W:\Dropbox\Densetsu\Wiki\pages\retraissance\densetsu\universe\characters\aoi.html","../../../assets/res/LOGO_Retraissance.gif"
"W:\Dropbox\Densetsu\Wiki\pages\retraissance\densetsu\universe\characters\aya.html","../../../assets/res/LOGO_Retraissance.gif"
"W:\Dropbox\Densetsu\Wiki\pages\retraissance\densetsu\universe\characters\betto.html","../../../assets/res/LOGO_Retraissance.gif"
"W:\Dropbox\Densetsu\Wiki\pages\retraissance\densetsu\universe\characters\bob.html","../../../assets/res/LOGO_Retraissance.gif"
"W:\Dropbox\Densetsu\Wiki\pages\retraissance\densetsu\universe\characters\bonsai_sage.html","../../../assets/res/LOGO_Retraissance.gif"
"W:\Dropbox\Densetsu\Wiki\pages\retraissance\densetsu\universe\characters\chii.html","../../../assets/res/LOGO_Retraissance.gif"
"W:\Dropbox\Densetsu\Wiki\pages\retraissance\densetsu\universe\characters\crimson_dynasty_titles.html","../../../assets/res/LOGO_Retraissance.gif"
"W:\Dropbox\Densetsu\Wiki\pages\retraissance\densetsu\universe\characters\dog_elder_of_eddara.html","../../../assets/res/LOGO_Retraissance.gif"
"W:\Dropbox\Densetsu\Wiki\pages\retraissance\densetsu\universe\characters\don_bastion.html","../../../assets/res/LOGO_Retraissance.gif"
"W:\Dropbox\Densetsu\Wiki\pages\retraissance\densetsu\universe\characters\fenrir.html","../../../assets/res/LOGO_Retraissance.gif"
"W:\Dropbox\Densetsu\Wiki\pages\retraissance\densetsu\universe\characters\ferdinand_passaro.html","../../../assets/res/LOGO_Retraissance.gif"
"W:\Dropbox\Densetsu\Wiki\pages\retraissance\densetsu\universe\characters\hanzo.html","../../../assets/res/LOGO_Retraissance.gif"
"W:\Dropbox\Densetsu\Wiki\pages\retraissance\densetsu\universe\characters\hideo_kohiba.html","../../../assets/res/LOGO_Retraissance.gif"
"W:\Dropbox\Densetsu\Wiki\pages\retraissance\densetsu\universe\characters\hitomi.html","../../../assets/res/LOGO_Retraissance.gif"
"W:\Dropbox\Densetsu\Wiki\pages\retraissance\densetsu\universe\characters\index.html","../../../assets/res/LOGO_Retraissance.gif"
"W:\Dropbox\Densetsu\Wiki\pages\retraissance\densetsu\universe\characters\ishigane.html","../../../assets/res/LOGO_Retraissance.gif"
"W:\Dropbox\Densetsu\Wiki\pages\retraissance\densetsu\universe\characters\kaze.html","../../../assets/res/LOGO_Retraissance.gif"
"W:\Dropbox\Densetsu\Wiki\pages\retraissance\densetsu\universe\characters\king_elmanu_ii.html","../../../assets/res/LOGO_Retraissance.gif"
"W:\Dropbox\Densetsu\Wiki\pages\retraissance\densetsu\universe\characters\king_frog_of_verdathal.html","../../../assets/res/LOGO_Retraissance.gif"
"W:\Dropbox\Densetsu\Wiki\pages\retraissance\densetsu\universe\characters\kodomaru.html","../../../assets/res/LOGO_Retraissance.gif"
"W:\Dropbox\Densetsu\Wiki\pages\retraissance\densetsu\universe\characters\kuro.html","../../../assets/res/LOGO_Retraissance.gif"
"W:\Dropbox\Densetsu\Wiki\pages\retraissance\densetsu\universe\characters\kyo.html","../../../assets/res/LOGO_Retraissance.gif"
"W:\Dropbox\Densetsu\Wiki\pages\retraissance\densetsu\universe\characters\manolo_marella.html","../../../assets/res/LOGO_Retraissance.gif"
"W:\Dropbox\Densetsu\Wiki\pages\retraissance\densetsu\universe\characters\master_nagamizu.html","../../../assets/res/LOGO_Retraissance.gif"
"W:\Dropbox\Densetsu\Wiki\pages\retraissance\densetsu\universe\characters\michio.html","../../../assets/res/LOGO_Retraissance.gif"
"W:\Dropbox\Densetsu\Wiki\pages\retraissance\densetsu\universe\characters\midori.html","../../../assets/res/LOGO_Retraissance.gif"
"W:\Dropbox\Densetsu\Wiki\pages\retraissance\densetsu\universe\characters\nagamizu.html","../../../assets/res/LOGO_Retraissance.gif"
"W:\Dropbox\Densetsu\Wiki\pages\retraissance\densetsu\universe\characters\namika.html","../../../assets/res/LOGO_Retraissance.gif"
"W:\Dropbox\Densetsu\Wiki\pages\retraissance\densetsu\universe\characters\okashira.html","../../../assets/res/LOGO_Retraissance.gif"
"W:\Dropbox\Densetsu\Wiki\pages\retraissance\densetsu\universe\characters\petrus_avales_barcal.html","../../../assets/res/LOGO_Retraissance.gif"
"W:\Dropbox\Densetsu\Wiki\pages\retraissance\densetsu\universe\characters\pip.html","../../../assets/res/LOGO_Retraissance.gif"
"W:\Dropbox\Densetsu\Wiki\pages\retraissance\densetsu\universe\characters\pombeiro_de_galporta.html","../../../assets/res/LOGO_Retraissance.gif"
"W:\Dropbox\Densetsu\Wiki\pages\retraissance\densetsu\universe\characters\pta_khaem.html","../../../assets/res/LOGO_Retraissance.gif"
"W:\Dropbox\Densetsu\Wiki\pages\retraissance\densetsu\universe\characters\saul_azar.html","../../../assets/res/LOGO_Retraissance.gif"
"W:\Dropbox\Densetsu\Wiki\pages\retraissance\densetsu\universe\characters\shion.html","../../../assets/res/LOGO_Retraissance.gif"
"W:\Dropbox\Densetsu\Wiki\pages\retraissance\densetsu\universe\characters\solid_the_snake.html","../../../assets/res/LOGO_Retraissance.gif"
"W:\Dropbox\Densetsu\Wiki\pages\retraissance\densetsu\universe\characters\tera.html","../../../assets/res/LOGO_Retraissance.gif"
"W:\Dropbox\Densetsu\Wiki\pages\retraissance\densetsu\universe\characters\tetsumaru.html","../../../assets/res/LOGO_Retraissance.gif"
"W:\Dropbox\Densetsu\Wiki\pages\retraissance\densetsu\universe\concepts\anomalies.html","../../../assets/res/LOGO_Retraissance.gif"
"W:\Dropbox\Densetsu\Wiki\pages\retraissance\densetsu\universe\concepts\chronobonsai_checkpoint.html","../../../assets/res/LOGO_Retraissance.gif"
"W:\Dropbox\Densetsu\Wiki\pages\retraissance\densetsu\universe\concepts\elements_and_concords.html","../../../assets/res/LOGO_Retraissance.gif"
"W:\Dropbox\Densetsu\Wiki\pages\retraissance\densetsu\universe\concepts\gong_arch_checkpoint.html","../../../assets/res/LOGO_Retraissance.gif"
"W:\Dropbox\Densetsu\Wiki\pages\retraissance\densetsu\universe\concepts\index.html","../../../assets/res/LOGO_Retraissance.gif"
"W:\Dropbox\Densetsu\Wiki\pages\retraissance\densetsu\universe\concepts\infinitree.html","../../../assets/res/LOGO_Retraissance.gif"
"W:\Dropbox\Densetsu\Wiki\pages\retraissance\densetsu\universe\concepts\ki.html","../../../assets/res/LOGO_Retraissance.gif"
"W:\Dropbox\Densetsu\Wiki\pages\retraissance\densetsu\universe\concepts\kiputer_predictive_engine.html","../../assets/media/universe/artifacts/kiputer_predictive_engine/kiputer.png"
"W:\Dropbox\Densetsu\Wiki\pages\retraissance\densetsu\universe\concepts\orb_statue_checkpoint.html","../../../assets/res/LOGO_Retraissance.gif"
"W:\Dropbox\Densetsu\Wiki\pages\retraissance\densetsu\universe\concepts\time_anomalies_and_loops.html","../../../assets/res/LOGO_Retraissance.gif"
"W:\Dropbox\Densetsu\Wiki\pages\retraissance\densetsu\universe\concepts\time_anomalies_and_loops.html","../../assets/media/universe/concepts/time_anomalies_and_loops/anomalies.png"
"W:\Dropbox\Densetsu\Wiki\pages\retraissance\densetsu\universe\concepts\time_loops.html","../../../assets/res/LOGO_Retraissance.gif"
"W:\Dropbox\Densetsu\Wiki\pages\retraissance\densetsu\universe\concepts\time_rifts.html","../../../assets/res/LOGO_Retraissance.gif"
"W:\Dropbox\Densetsu\Wiki\pages\retraissance\densetsu\universe\concepts\time_rifts.html","../../assets/media/universe/concepts/time_rifts/rift.png"
"W:\Dropbox\Densetsu\Wiki\pages\retraissance\densetsu\universe\concepts\world_memory.html","../../../assets/res/LOGO_Retraissance.gif"
"W:\Dropbox\Densetsu\Wiki\pages\retraissance\densetsu\universe\creatures\aquatic_fauna.html","../../../assets/res/LOGO_Retraissance.gif"
"W:\Dropbox\Densetsu\Wiki\pages\retraissance\densetsu\universe\creatures\aurex_last_basilisk.html","../../../assets/res/LOGO_Retraissance.gif"
"W:\Dropbox\Densetsu\Wiki\pages\retraissance\densetsu\universe\creatures\bamboo_creatures.html","../../../assets/res/LOGO_Retraissance.gif"
"W:\Dropbox\Densetsu\Wiki\pages\retraissance\densetsu\universe\creatures\cave_rat.html","../../../assets/res/LOGO_Retraissance.gif"
"W:\Dropbox\Densetsu\Wiki\pages\retraissance\densetsu\universe\creatures\celadon_cranes.html","../../../assets/res/LOGO_Retraissance.gif"
"W:\Dropbox\Densetsu\Wiki\pages\retraissance\densetsu\universe\creatures\chime_priestess.html","../../../assets/res/LOGO_Retraissance.gif"
"W:\Dropbox\Densetsu\Wiki\pages\retraissance\densetsu\universe\creatures\chitter_vineserpent.html","../../../assets/res/LOGO_Retraissance.gif"
"W:\Dropbox\Densetsu\Wiki\pages\retraissance\densetsu\universe\creatures\cinder_wretches.html","../../../assets/res/LOGO_Retraissance.gif"
"W:\Dropbox\Densetsu\Wiki\pages\retraissance\densetsu\universe\creatures\corrupted_creatures.html","../../../assets/res/LOGO_Retraissance.gif"
"W:\Dropbox\Densetsu\Wiki\pages\retraissance\densetsu\universe\creatures\desert_fauna.html","../../../assets/res/LOGO_Retraissance.gif"
"W:\Dropbox\Densetsu\Wiki\pages\retraissance\densetsu\universe\creatures\echo_of_the_first_betrayer.html","../../../assets/res/LOGO_Retraissance.gif"
"W:\Dropbox\Densetsu\Wiki\pages\retraissance\densetsu\universe\creatures\eclipse_bound.html","../../../assets/res/LOGO_Retraissance.gif"
"W:\Dropbox\Densetsu\Wiki\pages\retraissance\densetsu\universe\creatures\forest_fauna.html","../../../assets/res/LOGO_Retraissance.gif"
"W:\Dropbox\Densetsu\Wiki\pages\retraissance\densetsu\universe\creatures\gravemind_root.html","../../../assets/res/LOGO_Retraissance.gif"
"W:\Dropbox\Densetsu\Wiki\pages\retraissance\densetsu\universe\creatures\grizzleback.html","../../../assets/res/LOGO_Retraissance.gif"
"W:\Dropbox\Densetsu\Wiki\pages\retraissance\densetsu\universe\creatures\hagane_snail.html","../../../assets/res/LOGO_Retraissance.gif"
"W:\Dropbox\Densetsu\Wiki\pages\retraissance\densetsu\universe\creatures\hollow_fang.html","../../../assets/res/LOGO_Retraissance.gif"
"W:\Dropbox\Densetsu\Wiki\pages\retraissance\densetsu\universe\creatures\index.html","../../../assets/res/LOGO_Retraissance.gif"
"W:\Dropbox\Densetsu\Wiki\pages\retraissance\densetsu\universe\creatures\king_of_nothing.html","../../../assets/res/LOGO_Retraissance.gif"
"W:\Dropbox\Densetsu\Wiki\pages\retraissance\densetsu\universe\creatures\komo_earth_dreamer.html","../../../assets/res/LOGO_Retraissance.gif"
"W:\Dropbox\Densetsu\Wiki\pages\retraissance\densetsu\universe\creatures\lantern_moths.html","../../../assets/res/LOGO_Retraissance.gif"
"W:\Dropbox\Densetsu\Wiki\pages\retraissance\densetsu\universe\creatures\mawing_echo.html","../../../assets/res/LOGO_Retraissance.gif"
"W:\Dropbox\Densetsu\Wiki\pages\retraissance\densetsu\universe\creatures\mire_crawler.html","../../../assets/res/LOGO_Retraissance.gif"
"W:\Dropbox\Densetsu\Wiki\pages\retraissance\densetsu\universe\creatures\mirrorspawn.html","../../../assets/res/LOGO_Retraissance.gif"
"W:\Dropbox\Densetsu\Wiki\pages\retraissance\densetsu\universe\creatures\mist_hounds.html","../../../assets/res/LOGO_Retraissance.gif"
"W:\Dropbox\Densetsu\Wiki\pages\retraissance\densetsu\universe\creatures\mossbound_goats.html","../../../assets/res/LOGO_Retraissance.gif"
"W:\Dropbox\Densetsu\Wiki\pages\retraissance\densetsu\universe\creatures\mount_class_creatures.html","../../../assets/res/LOGO_Retraissance.gif"
"W:\Dropbox\Densetsu\Wiki\pages\retraissance\densetsu\universe\creatures\mycomind_fauna.html","../../../assets/res/LOGO_Retraissance.gif"
"W:\Dropbox\Densetsu\Wiki\pages\retraissance\densetsu\universe\creatures\nayuga_thousand_faced.html","../../../assets/res/LOGO_Retraissance.gif"
"W:\Dropbox\Densetsu\Wiki\pages\retraissance\densetsu\universe\creatures\pale_matron.html","../../../assets/res/LOGO_Retraissance.gif"
"W:\Dropbox\Densetsu\Wiki\pages\retraissance\densetsu\universe\creatures\river_crown.html","../../../assets/res/LOGO_Retraissance.gif"
"W:\Dropbox\Densetsu\Wiki\pages\retraissance\densetsu\universe\creatures\rotling_mass.html","../../../assets/res/LOGO_Retraissance.gif"
"W:\Dropbox\Densetsu\Wiki\pages\retraissance\densetsu\universe\creatures\sand_whiptail.html","../../../assets/res/LOGO_Retraissance.gif"
"W:\Dropbox\Densetsu\Wiki\pages\retraissance\densetsu\universe\creatures\shard_beetle.html","../../../assets/res/LOGO_Retraissance.gif"
"W:\Dropbox\Densetsu\Wiki\pages\retraissance\densetsu\universe\creatures\shrouded_acolyte.html","../../../assets/res/LOGO_Retraissance.gif"
"W:\Dropbox\Densetsu\Wiki\pages\retraissance\densetsu\universe\creatures\shyraani_skybreaker.html","../../../assets/res/LOGO_Retraissance.gif"
"W:\Dropbox\Densetsu\Wiki\pages\retraissance\densetsu\universe\creatures\soulbound_herald.html","../../../assets/res/LOGO_Retraissance.gif"
"W:\Dropbox\Densetsu\Wiki\pages\retraissance\densetsu\universe\creatures\threadworms.html","../../../assets/res/LOGO_Retraissance.gif"
"W:\Dropbox\Densetsu\Wiki\pages\retraissance\densetsu\universe\creatures\vez_tar_devouring_secret.html","../../../assets/res/LOGO_Retraissance.gif"
"W:\Dropbox\Densetsu\Wiki\pages\retraissance\densetsu\universe\creatures\wood_crawler.html","../../../assets/res/LOGO_Retraissance.gif"
"W:\Dropbox\Densetsu\Wiki\pages\retraissance\densetsu\universe\creatures\wyrm_pup.html","../../../assets/res/LOGO_Retraissance.gif"
"W:\Dropbox\Densetsu\Wiki\pages\retraissance\densetsu\universe\cultures\aokuni.html","../../../assets/res/LOGO_Retraissance.gif"
"W:\Dropbox\Densetsu\Wiki\pages\retraissance\densetsu\universe\cultures\index.html","../../../assets/res/LOGO_Retraissance.gif"
"W:\Dropbox\Densetsu\Wiki\pages\retraissance\densetsu\universe\enemies\ashen_kite.html","../../../assets/res/LOGO_Retraissance.gif"
"W:\Dropbox\Densetsu\Wiki\pages\retraissance\densetsu\universe\enemies\bandit.html","../../../assets/res/LOGO_Retraissance.gif"
"W:\Dropbox\Densetsu\Wiki\pages\retraissance\densetsu\universe\enemies\false_heaven.html","../../../assets/res/LOGO_Retraissance.gif"
"W:\Dropbox\Densetsu\Wiki\pages\retraissance\densetsu\universe\enemies\folded_general.html","../../../assets/res/LOGO_Retraissance.gif"
"W:\Dropbox\Densetsu\Wiki\pages\retraissance\densetsu\universe\enemies\forgotten_shell.html","../../../assets/res/LOGO_Retraissance.gif"
"W:\Dropbox\Densetsu\Wiki\pages\retraissance\densetsu\universe\enemies\gilded_ghost.html","../../../assets/res/LOGO_Retraissance.gif"
"W:\Dropbox\Densetsu\Wiki\pages\retraissance\densetsu\universe\enemies\god_eater_scarab.html","../../../assets/res/LOGO_Retraissance.gif"
"W:\Dropbox\Densetsu\Wiki\pages\retraissance\densetsu\universe\enemies\grove_tyrant.html","../../../assets/res/LOGO_Retraissance.gif"
"W:\Dropbox\Densetsu\Wiki\pages\retraissance\densetsu\universe\enemies\index.html","../../../assets/res/LOGO_Retraissance.gif"
"W:\Dropbox\Densetsu\Wiki\pages\retraissance\densetsu\universe\enemies\karma_engine.html","../../../assets/res/LOGO_Retraissance.gif"
"W:\Dropbox\Densetsu\Wiki\pages\retraissance\densetsu\universe\enemies\lady_of_thorns.html","../../../assets/res/LOGO_Retraissance.gif"
"W:\Dropbox\Densetsu\Wiki\pages\retraissance\densetsu\universe\enemies\lingering_oath.html","../../../assets/res/LOGO_Retraissance.gif"
"W:\Dropbox\Densetsu\Wiki\pages\retraissance\densetsu\universe\enemies\michio_echowalker.html","../../../assets/res/LOGO_Retraissance.gif"
"W:\Dropbox\Densetsu\Wiki\pages\retraissance\densetsu\universe\enemies\ninja_grunts.html","../../../assets/res/LOGO_Retraissance.gif"
"W:\Dropbox\Densetsu\Wiki\pages\retraissance\densetsu\universe\enemies\okashira_boss.html","../../../assets/res/LOGO_Retraissance.gif"
"W:\Dropbox\Densetsu\Wiki\pages\retraissance\densetsu\universe\enemies\plague_pilgrim.html","../../../assets/res/LOGO_Retraissance.gif"
"W:\Dropbox\Densetsu\Wiki\pages\retraissance\densetsu\universe\enemies\raijins_last_apprentice.html","../../../assets/res/LOGO_Retraissance.gif"
"W:\Dropbox\Densetsu\Wiki\pages\retraissance\densetsu\universe\enemies\silkmother.html","../../../assets/res/LOGO_Retraissance.gif"
"W:\Dropbox\Densetsu\Wiki\pages\retraissance\densetsu\universe\enemies\stonelash_hydra.html","../../../assets/res/LOGO_Retraissance.gif"
"W:\Dropbox\Densetsu\Wiki\pages\retraissance\densetsu\universe\enemies\verdance.html","../../../assets/res/LOGO_Retraissance.gif"
"W:\Dropbox\Densetsu\Wiki\pages\retraissance\densetsu\universe\enemies\womb_whale.html","../../../assets/res/LOGO_Retraissance.gif"
"W:\Dropbox\Densetsu\Wiki\pages\retraissance\densetsu\universe\enemies\yama_binder.html","../../../assets/res/LOGO_Retraissance.gif"
"W:\Dropbox\Densetsu\Wiki\pages\retraissance\densetsu\universe\events\hirogawa_town_fire.html","../../../assets/res/LOGO_Retraissance.gif"
"W:\Dropbox\Densetsu\Wiki\pages\retraissance\densetsu\universe\events\index.html","../../../assets/res/LOGO_Retraissance.gif"
"W:\Dropbox\Densetsu\Wiki\pages\retraissance\densetsu\universe\events\timeline_arcs.html","../../../assets/res/LOGO_Retraissance.gif"
"W:\Dropbox\Densetsu\Wiki\pages\retraissance\densetsu\universe\events\timeline_index.html","../../../assets/res/LOGO_Retraissance.gif"
"W:\Dropbox\Densetsu\Wiki\pages\retraissance\densetsu\universe\factions\council_of_harbormasters.html","../../../assets/res/LOGO_Retraissance.gif"
"W:\Dropbox\Densetsu\Wiki\pages\retraissance\densetsu\universe\factions\crimson_dynasty.html","../../../assets/res/LOGO_Retraissance.gif"
"W:\Dropbox\Densetsu\Wiki\pages\retraissance\densetsu\universe\factions\eddara_council.html","../../../assets/res/LOGO_Retraissance.gif"
"W:\Dropbox\Densetsu\Wiki\pages\retraissance\densetsu\universe\factions\eresh_emirate.html","../../../assets/res/LOGO_Retraissance.gif"
"W:\Dropbox\Densetsu\Wiki\pages\retraissance\densetsu\universe\factions\fire_dominion.html","../../../assets/res/LOGO_Retraissance.gif"
"W:\Dropbox\Densetsu\Wiki\pages\retraissance\densetsu\universe\factions\galport_trade_federation.html","../../../assets/res/LOGO_Retraissance.gif"
"W:\Dropbox\Densetsu\Wiki\pages\retraissance\densetsu\universe\factions\hirogawa_feud.html","../../../assets/res/LOGO_Retraissance.gif"
"W:\Dropbox\Densetsu\Wiki\pages\retraissance\densetsu\universe\factions\index.html","../../../assets/res/LOGO_Retraissance.gif"
"W:\Dropbox\Densetsu\Wiki\pages\retraissance\densetsu\universe\factions\kaerugan_rust_courts.html","../../../assets/res/LOGO_Retraissance.gif"
"W:\Dropbox\Densetsu\Wiki\pages\retraissance\densetsu\universe\factions\marella_caravans.html","../../../assets/res/LOGO_Retraissance.gif"
"W:\Dropbox\Densetsu\Wiki\pages\retraissance\densetsu\universe\factions\mycomind_covenant.html","../../../assets/res/LOGO_Retraissance.gif"
"W:\Dropbox\Densetsu\Wiki\pages\retraissance\densetsu\universe\factions\ninth_wave.html","../../../assets/res/LOGO_Retraissance.gif"
"W:\Dropbox\Densetsu\Wiki\pages\retraissance\densetsu\universe\factions\seigetsu_empire.html","../../../assets/res/LOGO_Retraissance.gif"
"W:\Dropbox\Densetsu\Wiki\pages\retraissance\densetsu\universe\factions\twilight_covenant.html","../../../assets/res/LOGO_Retraissance.gif"
"W:\Dropbox\Densetsu\Wiki\pages\retraissance\densetsu\universe\factions\verdant_circle.html","../../../assets/res/LOGO_Retraissance.gif"
"W:\Dropbox\Densetsu\Wiki\pages\retraissance\densetsu\universe\factions\verdathal_commonwealth.html","../../../assets/res/LOGO_Retraissance.gif"
"W:\Dropbox\Densetsu\Wiki\pages\retraissance\densetsu\universe\factions\wakers.html","../../../assets/res/LOGO_Retraissance.gif"
"W:\Dropbox\Densetsu\Wiki\pages\retraissance\densetsu\universe\factions\water_courts.html","../../../assets/res/LOGO_Retraissance.gif"
"W:\Dropbox\Densetsu\Wiki\pages\retraissance\densetsu\universe\locations\chronobonsai_chamber.html","../../../assets/res/LOGO_Retraissance.gif"
"W:\Dropbox\Densetsu\Wiki\pages\retraissance\densetsu\universe\locations\crimson_dynasty.html","../../../assets/res/LOGO_Retraissance.gif"
"W:\Dropbox\Densetsu\Wiki\pages\retraissance\densetsu\universe\locations\eddara.html","../../../assets/res/LOGO_Retraissance.gif"
"W:\Dropbox\Densetsu\Wiki\pages\retraissance\densetsu\universe\locations\eresh_emirate.html","../../../assets/res/LOGO_Retraissance.gif"
"W:\Dropbox\Densetsu\Wiki\pages\retraissance\densetsu\universe\locations\galport.html","../../../assets/res/LOGO_Retraissance.gif"
"W:\Dropbox\Densetsu\Wiki\pages\retraissance\densetsu\universe\locations\glitch_in_the_dust.html","../../../assets/res/LOGO_Retraissance.gif"
"W:\Dropbox\Densetsu\Wiki\pages\retraissance\densetsu\universe\locations\hirogawa.html","../../../assets/res/LOGO_Retraissance.gif"
"W:\Dropbox\Densetsu\Wiki\pages\retraissance\densetsu\universe\locations\index.html","../../../assets/res/LOGO_Retraissance.gif"
"W:\Dropbox\Densetsu\Wiki\pages\retraissance\densetsu\universe\locations\ishigane_manor.html","../../../assets/res/LOGO_Retraissance.gif"
"W:\Dropbox\Densetsu\Wiki\pages\retraissance\densetsu\universe\locations\kaerugan_iron_jungle.html","../../../assets/res/LOGO_Retraissance.gif"
"W:\Dropbox\Densetsu\Wiki\pages\retraissance\densetsu\universe\locations\kojimigakure.html","../../../assets/res/LOGO_Retraissance.gif"
"W:\Dropbox\Densetsu\Wiki\pages\retraissance\densetsu\universe\locations\minus_depths.html","../../../assets/res/LOGO_Retraissance.gif"
"W:\Dropbox\Densetsu\Wiki\pages\retraissance\densetsu\universe\locations\mirror_spire.html","../../../assets/res/LOGO_Retraissance.gif"
"W:\Dropbox\Densetsu\Wiki\pages\retraissance\densetsu\universe\locations\mistral_stranded_cove.html","../../../assets/res/LOGO_Retraissance.gif"
"W:\Dropbox\Densetsu\Wiki\pages\retraissance\densetsu\universe\locations\nagamizu_dojo.html","../../../assets/res/LOGO_Retraissance.gif"
"W:\Dropbox\Densetsu\Wiki\pages\retraissance\densetsu\universe\locations\seigetsu_empire.html","../../../assets/res/LOGO_Retraissance.gif"
"W:\Dropbox\Densetsu\Wiki\pages\retraissance\densetsu\universe\locations\shrine_of_still_flames.html","../../../assets/res/LOGO_Retraissance.gif"
"W:\Dropbox\Densetsu\Wiki\pages\retraissance\densetsu\universe\locations\temple_of_stillness.html","../../../assets/res/LOGO_Retraissance.gif"
"W:\Dropbox\Densetsu\Wiki\pages\retraissance\densetsu\universe\locations\tree_resonance_grove.html","../../../assets/res/LOGO_Retraissance.gif"
"W:\Dropbox\Densetsu\Wiki\pages\retraissance\densetsu\universe\locations\varthum.html","../../../assets/res/LOGO_Retraissance.gif"
"W:\Dropbox\Densetsu\Wiki\pages\retraissance\densetsu\universe\locations\verdathal.html","../../../assets/res/LOGO_Retraissance.gif"
"W:\Dropbox\Densetsu\Wiki\pages\retraissance\densetsu\universe\locations\waterfall_training_grounds.html","../../../assets/res/LOGO_Retraissance.gif"
"W:\Dropbox\Densetsu\Wiki\pages\retraissance\densetsu\universe\locations\yukigami.html","../../../assets/res/LOGO_Retraissance.gif"
"W:\Dropbox\Densetsu\Wiki\pages\retraissance\densetsu\universe\overview\calendar_be_ae.html","../../../assets/res/LOGO_Retraissance.gif"
"W:\Dropbox\Densetsu\Wiki\pages\retraissance\densetsu\universe\overview\calendar_be_ae.html","../../assets/media/universe/overview/calendar_be_ae/arrival_eclipse.png"
"W:\Dropbox\Densetsu\Wiki\pages\retraissance\densetsu\universe\overview\great_eclipse.html","../../../assets/res/LOGO_Retraissance.gif"
"W:\Dropbox\Densetsu\Wiki\pages\retraissance\densetsu\universe\overview\great_eclipse.html","../../assets/media/universe/overview/great_eclipse/eclipse.png"
"W:\Dropbox\Densetsu\Wiki\pages\retraissance\densetsu\universe\overview\index.html","../../../assets/res/LOGO_Retraissance.gif"
"W:\Dropbox\Densetsu\Wiki\pages\retraissance\densetsu\universe\world\cosmology_and_epochs.html","../../../assets/res/LOGO_Retraissance.gif"
"W:\Dropbox\Densetsu\Wiki\pages\retraissance\densetsu\universe\world\cosmology_and_epochs.html","../../assets/media/universe/world/cosmology_and_epochs/cosmology.png"
"W:\Dropbox\Densetsu\Wiki\pages\retraissance\densetsu\universe\world\cultural_tenets.html","../../../assets/res/LOGO_Retraissance.gif"
"W:\Dropbox\Densetsu\Wiki\pages\retraissance\densetsu\universe\world\eastern_continent.html","../../../assets/res/LOGO_Retraissance.gif"
"W:\Dropbox\Densetsu\Wiki\pages\retraissance\densetsu\universe\world\independent_realms.html","../../../assets/res/LOGO_Retraissance.gif"
"W:\Dropbox\Densetsu\Wiki\pages\retraissance\densetsu\universe\world\index.html","../../../assets/res/LOGO_Retraissance.gif"
"W:\Dropbox\Densetsu\Wiki\pages\retraissance\densetsu\universe\world\mycomind_covenant.html","../../../assets/res/LOGO_Retraissance.gif"
"W:\Dropbox\Densetsu\Wiki\pages\retraissance\densetsu\universe\world\relationships_matrix.html","../../../assets/res/LOGO_Retraissance.gif"
"W:\Dropbox\Densetsu\Wiki\pages\retraissance\densetsu\universe\world\western_continent.html","../../../assets/res/LOGO_Retraissance.gif"
"W:\Dropbox\Densetsu\Wiki\pages\retraissance\densetsu\universe\world\world_and_geography.html","../../../assets/res/LOGO_Retraissance.gif"
"W:\Dropbox\Densetsu\Wiki\pages\retraissance\densetsu\universe\world\world_overview.html","../../../assets/res/LOGO_Retraissance.gif"
"W:\Dropbox\Densetsu\Wiki\pages\retraissance\projects\index.html","../assets/res/LOGO_Retraissance.gif"
"W:\Dropbox\Densetsu\Wiki\pages\retraissance\reader\index.html","../assets/res/LOGO_Retraissance.gif"
"W:\Dropbox\Densetsu\Wiki\pages\retraissance\reader\index.html","../../retraissance/assets/media/UI/discord.png"
"W:\Dropbox\Densetsu\Wiki\pages\retraissance\reader\index.pseudo-backup.html","../assets/res/LOGO_Retraissance.gif"
"W:\Dropbox\Densetsu\Wiki\pages\retraissance\reader\bible\core_tenets.html","../../assets/res/LOGO_Retraissance.gif"
"W:\Dropbox\Densetsu\Wiki\pages\retraissance\reader\bible\cover.html","../../assets/res/LOGO_Retraissance.gif"
"W:\Dropbox\Densetsu\Wiki\pages\retraissance\reader\bible\readers_note.html","../../assets/res/LOGO_Retraissance.gif"
"W:\Dropbox\Densetsu\Wiki\pages\retraissance\reader\bible\struct_artifacts.html","../../assets/res/LOGO_Retraissance.gif"
"W:\Dropbox\Densetsu\Wiki\pages\retraissance\reader\bible\struct_characters.html","../../assets/res/LOGO_Retraissance.gif"
"W:\Dropbox\Densetsu\Wiki\pages\retraissance\reader\bible\struct_concepts.html","../../assets/res/LOGO_Retraissance.gif"
"W:\Dropbox\Densetsu\Wiki\pages\retraissance\reader\bible\struct_creatures.html","../../assets/res/LOGO_Retraissance.gif"
"W:\Dropbox\Densetsu\Wiki\pages\retraissance\reader\bible\struct_cultures.html","../../assets/res/LOGO_Retraissance.gif"
"W:\Dropbox\Densetsu\Wiki\pages\retraissance\reader\bible\struct_enemies.html","../../assets/res/LOGO_Retraissance.gif"
"W:\Dropbox\Densetsu\Wiki\pages\retraissance\reader\bible\struct_engine.html","../../assets/res/LOGO_Retraissance.gif"
"W:\Dropbox\Densetsu\Wiki\pages\retraissance\reader\bible\struct_events.html","../../assets/res/LOGO_Retraissance.gif"
"W:\Dropbox\Densetsu\Wiki\pages\retraissance\reader\bible\struct_factions.html","../../assets/res/LOGO_Retraissance.gif"
"W:\Dropbox\Densetsu\Wiki\pages\retraissance\reader\bible\struct_overview.html","../../assets/res/LOGO_Retraissance.gif"
"W:\Dropbox\Densetsu\Wiki\pages\retraissance\reader\bible\struct_retraissance.html","../../assets/res/LOGO_Retraissance.gif"
"W:\Dropbox\Densetsu\Wiki\pages\retraissance\reader\bible\struct_universe.html","../../assets/res/LOGO_Retraissance.gif"
"W:\Dropbox\Densetsu\Wiki\pages\retraissance\reader\bible\struct_world.html","../../assets/res/LOGO_Retraissance.gif"
"W:\Dropbox\Densetsu\Wiki\pages\retraissance\reader\bible\terminology_primer.html","../../assets/res/LOGO_Retraissance.gif"
"W:\Dropbox\Densetsu\Wiki\pages\retraissance\reader\bible\timeline_orientation.html","../../assets/res/LOGO_Retraissance.gif"
"W:\Dropbox\Densetsu\Wiki\pages\retraissance\reader\bible\topic_antagonists.html","../../assets/res/LOGO_Retraissance.gif"
"W:\Dropbox\Densetsu\Wiki\pages\retraissance\reader\bible\topic_artifacts_relics.html","../../assets/res/LOGO_Retraissance.gif"
"W:\Dropbox\Densetsu\Wiki\pages\retraissance\reader\bible\topic_cosmology.html","../../assets/res/LOGO_Retraissance.gif"
"W:\Dropbox\Densetsu\Wiki\pages\retraissance\reader\bible\topic_creatures_abominations.html","../../assets/res/LOGO_Retraissance.gif"
"W:\Dropbox\Densetsu\Wiki\pages\retraissance\reader\bible\topic_engine_appendix.html","../../assets/res/LOGO_Retraissance.gif"
"W:\Dropbox\Densetsu\Wiki\pages\retraissance\reader\bible\topic_engine_gateway.html","../../assets/res/LOGO_Retraissance.gif"
"W:\Dropbox\Densetsu\Wiki\pages\retraissance\reader\bible\topic_factions_power.html","../../assets/res/LOGO_Retraissance.gif"
"W:\Dropbox\Densetsu\Wiki\pages\retraissance\reader\bible\topic_people_legends.html","../../assets/res/LOGO_Retraissance.gif"
"W:\Dropbox\Densetsu\Wiki\pages\retraissance\reader\bible\topic_world_geography.html","../../assets/res/LOGO_Retraissance.gif"
"W:\Dropbox\Densetsu\Wiki\pages\retraissance\software\index.html","../assets/res/LOGO_Retraissance.gif"
"W:\Dropbox\Densetsu\Wiki\pages\retraissance\team\android.html","../assets/res/LOGO_Retraissance.gif"
"W:\Dropbox\Densetsu\Wiki\pages\retraissance\team\creative_director.html","../assets/res/LOGO_Retraissance.gif"
"W:\Dropbox\Densetsu\Wiki\pages\retraissance\team\cyber_space_god.html","../assets/res/LOGO_Retraissance.gif"
"W:\Dropbox\Densetsu\Wiki\pages\retraissance\team\index.html","../assets/res/LOGO_Retraissance.gif"
"W:\Dropbox\Densetsu\Wiki\pages\retraissance\team\kaizer.html","../assets/res/LOGO_Retraissance.gif"
"W:\Dropbox\Densetsu\Wiki\pages\retraissance\team\lyrakes.html","../assets/res/LOGO_Retraissance.gif"
"W:\Dropbox\Densetsu\Wiki\pages\retraissance\team\miles_eventide.html","../assets/res/LOGO_Retraissance.gif"
"W:\Dropbox\Densetsu\Wiki\pages\retraissance\team\music_fox.html","../assets/res/LOGO_Retraissance.gif"
"W:\Dropbox\Densetsu\Wiki\pages\retraissance\team\studio_lead.html","../assets/res/LOGO_Retraissance.gif"
"W:\Dropbox\Densetsu\Wiki\pages\retraissance\team\technical_lead.html","../assets/res/LOGO_Retraissance.gif"
"W:\Dropbox\Densetsu\Wiki\pages\retraissance\tools\example_tool.html","../assets/res/LOGO_Retraissance.gif"
"W:\Dropbox\Densetsu\Wiki\pages\retraissance\tools\index.html","../assets/res/LOGO_Retraissance.gif"
"W:\Dropbox\Densetsu\Wiki\pages\retraissance\tools\infiniboard.html","../assets/res/LOGO_Retraissance.gif"
